,effective_cost,quoted,prop_quoted,effective,prop_effective
0,0.009867009867009733,1.6999999999999957,0.03646503646503637,0.9199999999999875,0.01954120645709404
1,0.01863902062424173,1.8900000000000006,0.04168964376309696,1.6899999999999977,0.037986064284108736
2,0.014284180002147978,2.030000000000001,0.04360433895392549,1.3299999999999983,0.028166031342651384
3,0.0014248773022322117,1.2449999999999974,0.026281070241173623,0.1349999999999909,0.002845699831365744
4,0.007066765109165717,1.25,0.026368526526737684,0.6700000000000017,0.014034352744030199
5,0.0034250129735339733,0.7899999999999991,0.01639854696419303,0.3299999999999983,0.006873568006665243
6,0.01103476993545703,1.240000000000002,0.025817197584842848,1.0600000000000023,0.021828665568369075
7,0.005331771812494131,1.2410000000000068,0.025497991596552465,0.5189999999999912,0.01060698957694648
8,0.004427056522186684,0.5300000000000011,0.010913209101204595,0.4299999999999926,0.008893485005170478
9,0.003792149226196478,0.6900000000000048,0.014143691708517063,0.36999999999999034,0.007613168724279636
10,0.007321852119212063,0.8100000000000023,0.016706197793131945,0.7099999999999937,0.01475171410762505
11,0.0020156080417591937,0.9350000000000023,0.01932916429789658,0.19499999999999318,0.00402310707654205
12,0.0031610074436627133,0.6900000000000048,0.014071581523401752,0.3100000000000023,0.006302093921528812
13,0.003200826019617843,1.1099999999999994,0.022922044398554456,0.30999999999998806,0.006422208411021091
14,0.004568106312292336,1.279999999999994,0.026578073089700876,0.4399999999999977,0.009178139340842674
15,0.00897247427383794,1.4349999999999952,0.029097176458660622,0.8850000000000051,0.017785369774919717
16,0.009658725048293532,1.6799999999999997,0.036059240180296194,0.8999999999999915,0.01913265306122431
17,0.006898038370338441,0.6799999999999997,0.014658331536969169,0.6400000000000006,0.013701562834510824
18,0.0023579849946409313,0.6400000000000006,0.0137191854233655,0.21999999999999886,0.00472711645896001
19,0.010092425369170327,1.2299999999999969,0.026134069903325122,0.9500000000000028,0.019983172065629003
20,0.010291595197255508,1.0799999999999983,0.023156089193825006,0.9599999999999937,0.02037351443123926
21,0.014574224443056333,2.039999999999999,0.042473454091192984,1.3999999999999915,0.0287297352760105
22,0.009848173984406993,1.0,0.02051702913418137,0.9599999999999937,0.019504266558309502
23,0.0012422932272495523,1.535899999999998,0.030750010761202373,0.12409999999999854,0.002481503699260119
24,0.006569779016524097,0.8200000000000003,0.01632490543499901,0.6600000000000108,0.01322645290581184
25,0.0007104435197402557,1.1700000000000017,0.023749111945600358,0.07000000000000739,0.001421897217144168
26,0.006698959084819186,1.0100000000000051,0.02081830361743801,0.6500000000000057,0.013308763308763424
27,0.0036772216547497384,0.740000000000002,0.0151174668028601,0.35999999999999943,0.0073815870412138485
28,0.006136203601247354,0.8699999999999974,0.017503269288803892,0.6099999999999994,0.012197560487902409
29,0.0012895546076777647,0.8100000000000023,0.01606983434183121,0.12999999999999545,0.0025757875965919446
30,0.0022684682907584968,0.6899999999999977,0.0136108097445507,0.23000000000000398,0.0045266679787444196
31,0.0054495912806538345,0.5799999999999983,0.011288439081354578,0.5599999999999881,0.01084010840108378
32,0.0024260067928191576,0.36999999999999744,0.007180980106744249,0.2500000000000142,0.004863813229572261
33,9.728572818358698e-05,0.6699999999999946,0.013036287576612408,0.009999999999990905,0.00019459038723469363
34,0.0022319262493936745,0.6300000000000026,0.012227074235807909,0.2300000000000182,0.004473837774752348
35,0.000476054460630269,0.9200000000000017,0.01751880415119493,0.04999999999999716,0.0009525623928366766
36,0.0025359256128486525,0.75,0.014088475626937165,0.269999999999996,0.0050847457627117894
37,0.001693639442980736,0.46000000000000085,0.008656379375235244,0.1799999999999926,0.003381551756528135
38,0.005571819813013537,0.8700000000000045,0.016432146567192454,0.5900000000000034,0.011081893313298336
39,0.0006604396641193262,0.36999999999999744,0.006981790734974949,0.07000000000000739,0.0013217522658611667
40,0.00028150511400958187,0.7899999999999991,0.014825936004504067,0.030000000000001137,0.0005628517823639988
41,0.005358557383160044,0.8950000000000031,0.016681422114533398,0.5749999999999886,0.010659992584352775
42,0.0024276377217554166,0.8800000000000026,0.016433239962651777,0.2600000000000051,0.004843517138599201
43,0.006473402758232458,0.7100000000000009,0.013322075241579901,0.6899999999999977,0.013031161473087775
44,0.0013764298258103947,0.625,0.011865774360434763,0.14499999999999602,0.0027566539923953616
45,0.006713984270093887,0.8599999999999994,0.016497218492230948,0.6999999999999886,0.013338414634146126
46,0.004518922990020749,1.0799999999999983,0.02033515345509317,0.480000000000004,0.008997188378631752
47,4.667008913996046e-05,0.7850000000000037,0.014654407989919332,0.005000000000009663,9.333582228877475e-05
48,0.0048050267972647945,0.9200000000000017,0.017002402513398664,0.519999999999996,0.009564097848077912
49,0.008350343291890942,1.1200000000000045,0.020783076637595186,0.9000000000000057,0.01684131736526957
50,0.002676017347974458,1.009999999999998,0.0186398449755467,0.28999999999999204,0.005337750782256434
51,0.0016147635524797893,0.6350000000000051,0.011718569780853613,0.17499999999999716,0.003234750462107156
52,0.002807308205623883,0.6450000000000031,0.011873533066409004,0.3050000000000068,0.0056304227432159275
53,0.003425608739931399,0.7899999999999991,0.01462827515970742,0.36999999999999034,0.006874767744332782
54,0.004134889276853704,1.1499999999999986,0.02113387852614166,0.44999999999998863,0.008235724743777244
55,0.012102944586135004,1.4050000000000011,0.026060746580106674,1.3050000000000068,0.024502440856177372
56,0.003398791540785493,1.1700000000000017,0.02209214501510577,0.35999999999999943,0.0068207654414550855
57,0.0006553693474393145,0.730000000000004,0.01366913210373568,0.06999999999999318,0.0013098802395208305
58,0.004494382022471948,0.9200000000000017,0.01722846441947569,0.480000000000004,0.009029345372460572
59,9.415309292901708e-05,0.6699999999999946,0.012616514452499662,0.009999999999990905,0.0001882884579173584
60,0.0011160714285713387,0.5600000000000023,0.01041666666666671,0.11999999999999034,0.0022346368715081997
61,0.003220760099383402,0.46999999999999886,0.008650041409772685,0.3499999999999943,0.006420840212804886
62,0.0027975235037835983,0.5749999999999957,0.01054803944049522,0.3050000000000068,0.005610743193524776
63,0.0007215007215007061,1.1000000000000014,0.019841269841269868,0.0799999999999983,0.001441961067051159
64,0.0038596176285791836,0.8699999999999974,0.015617987613320124,0.4300000000000068,0.00768955650929912
65,0.003428983937917431,1.0800000000000054,0.019491066594477628,0.38000000000000966,0.006834532374100893
66,0.003785830178474867,0.5399999999999991,0.009734991887506745,0.4200000000000017,0.007543103448275893
67,0.002809752560500338,0.5300000000000011,0.009607541013323687,0.3100000000000023,0.005603759942154777
68,0.002878215506385979,0.5399999999999991,0.00971397733405287,0.3199999999999932,0.005739910313901223
69,0.0008952551477171757,0.4399999999999977,0.007878245299910434,0.10000000000000853,0.0017921146953406547
70,0.004540194071040602,0.6499999999999986,0.011573043710495834,0.5099999999999909,0.009039347749025007
71,0.0007557234941098729,0.634999999999998,0.011291398088464069,0.08500000000000796,0.001510305614783368
72,0.0010568962480182345,1.3999999999999986,0.024660912453760765,0.11999999999999034,0.0021160289190617233
73,0.005012318409650865,1.470000000000006,0.024976637498938168,0.5900000000000034,0.010075136612021916
74,0.0002034121968688921,0.7561999999999998,0.012926075905227005,0.02380000000000848,0.0004069071636178574
75,0.007968468854425436,0.9499999999999957,0.01627966755205202,0.9299999999999926,0.015810948656919288
76,0.0006809669731019111,0.4799999999999969,0.008171603677221603,0.0800000000000125,0.0013610071452877254
77,8.60087592682462e-05,1.1499000000000024,0.019584449956953083,0.010099999999994225,0.00017200272479554198
78,0.0033734106046189823,1.1500000000000057,0.019894472796470993,0.39000000000000057,0.006769658045478226
79,0.002389828888251465,1.5700000000000003,0.030016250836440113,0.2499999999999858,0.004768262445164711
80,0.011698733442908324,1.4299999999999997,0.027651551774146757,1.210000000000008,0.023674427704950263
81,0.0021505376344085913,0.5600000000000023,0.010948191593352929,0.21999999999999886,0.004310344827586184
82,0.008012507328512872,0.8599999999999994,0.01680672268907562,0.8200000000000074,0.016154452324665235
83,0.003400857607570594,1.2050000000000054,0.023756715461580275,0.34499999999999886,0.006824925816023716
84,0.00926377376889325,1.0900000000000034,0.021257922964407674,0.9500000000000028,0.01835748792270537
85,0.009559475707105537,1.0900000000000034,0.021484182517000166,0.9699999999999989,0.01893791487700115
86,0.001487947624243542,0.9500000000000028,0.01884733657375266,0.14999999999999147,0.0029714738510299423
87,0.013819347085920242,1.7199999999999989,0.034448227518525915,1.3799999999999955,0.028025995125913798
88,0.011659953360186649,2.240000000000002,0.04748781004875985,1.1000000000000085,0.02359502359502378
89,0.005440696409140369,1.6999999999999957,0.03699673558215442,0.5,0.010822510822510822
90,0.009076820898826736,0.9399999999999977,0.020810272304626915,0.8200000000000074,0.018319928507596235
91,0.0001660118421779244,0.615000000000002,0.013612971058602225,0.014999999999986358,0.00033207881337140487
92,0.008065407137332937,0.990000000000002,0.021876035797149532,0.730000000000004,0.01600175361683481
93,0.0033927985115464842,0.5300000000000011,0.011601182007223402,0.3100000000000023,0.006808697562047052
94,0.007886736866765186,0.9662999999999968,0.021356182806095827,0.7136999999999887,0.015898863889507432
95,0.009705162218751567,1.066200000000002,0.024239034803543825,0.8538000000000068,0.01960055096418748
96,0.0003934573660839367,0.605000000000004,0.013602383227474656,0.03499999999999659,0.000787224471434921
97,0.0034539380556028176,0.615000000000002,0.013928996093086506,0.3050000000000068,0.006931818181818337
98,0.01666666666666676,1.8800000000000026,0.04292237442922381,1.460000000000008,0.032786885245901815
99,0.004467277194549827,0.5599999999999952,0.012508376144739675,0.3999999999999915,0.008974646623289017
100,0.009660188657801959,1.3900000000000006,0.03159449937492898,0.8499999999999943,0.019508836355290205
101,0.006791231378743846,1.1966999999999999,0.027240042201920476,0.5966999999999842,0.013490843319013889
102,0.0022406453058481162,0.8000000000000043,0.01792516244678477,0.20000000000000284,0.0044712720769059435
103,0.007213706041478816,0.8599999999999994,0.01938683498647429,0.6400000000000006,0.014532243415077216
104,0.009853619638890414,1.384999999999998,0.031554365780030715,0.8649999999999949,0.019903359410952483
105,0.010775740479548641,1.0849999999999937,0.024485190409026657,0.9549999999999983,0.0213217235990176
106,0.003021148036253891,0.990000000000002,0.022155085599194404,0.27000000000001023,0.0060606060606062905
107,0.005854474491218192,0.6649999999999991,0.014831335377752976,0.5249999999999915,0.01164079822616389
108,0.009208506906380217,1.019999999999996,0.022363516772637492,0.8400000000000034,0.01824896806430596
109,0.002248634757468613,0.9899999999999949,0.021201413427561728,0.20999999999999375,0.004487179487179354
110,0.0014919011082694007,0.7999999999999972,0.017050298380221592,0.14000000000000057,0.0029882604055496385
111,0.003013344812742156,0.4200000000000017,0.009040034438226468,0.28000000000000114,0.006044905008635603
112,0.0009092367759532946,0.42499999999999716,0.009092367759533555,0.08499999999999375,0.0018201284796572537
113,0.004502755912789312,0.8740999999999985,0.01900921972165767,0.4140999999999906,0.008965143970556195
114,0.0007581501137224432,0.730000000000004,0.015812845229069727,0.06999999999999318,0.0015174506828526592
115,0.0014799154334038116,1.3999999999999986,0.02959830866807608,0.14000000000000057,0.00295545704032089
116,0.004652146331148211,0.5799999999999983,0.012264749418481673,0.4399999999999977,0.009347779902273161
117,0.00568900126422242,1.1799999999999997,0.024863042562157604,0.539999999999992,0.011443102352193093
118,0.0041256743890828364,0.9299999999999997,0.019676293240241186,0.39000000000000057,0.008217446270543627
119,0.002573264362130412,0.6754999999999995,0.014218732733080382,0.24450000000000216,0.005133319336552638
120,0.008255715495342793,0.8800000000000026,0.01862828111769692,0.7799999999999869,0.01664887940234764
121,0.003540191586838853,0.9199999999999946,0.019158683881715842,0.3400000000000034,0.007055405685827006
122,0.007735730712941615,1.1799999999999997,0.024670708760192343,0.7399999999999949,0.015592077538980086
123,0.0014601585314977115,0.5200000000000031,0.010846891948268735,0.14000000000000057,0.002924587424274088
124,0.011266011626112444,1.7050000000000054,0.035084109264879995,1.0949999999999989,0.02278876170655565
125,0.0034407256803252874,0.5300000000000011,0.011052027942863125,0.3299999999999983,0.006857855361595975
126,0.005023043861011853,0.5650000000000048,0.011703174356584429,0.48499999999999943,0.009995877988458355
127,0.005699942477644739,0.7349999999999994,0.015374156774564648,0.5450000000000017,0.01133527454242932
128,0.006524942117448856,0.8800000000000026,0.018522416333403544,0.6199999999999903,0.012965286491007744
129,0.006004424312651355,0.6699999999999946,0.014115664173601486,0.5699999999999932,0.011937172774868967
130,0.000932545850170855,0.7100000000000009,0.014713501191586383,0.0899999999999892,0.001866832607342651
131,0.0011329694098259288,0.46999999999999886,0.009681738593057964,0.10999999999999943,0.002263374485596696
132,0.01114036864492601,1.1199999999999974,0.022685841604213032,1.0999999999999943,0.022035256410256297
133,0.0022065741311926164,0.4806999999999988,0.009612144856042759,0.22069999999999368,0.004403431763766834
134,0.006265157639450328,1.0399999999999991,0.021018593371058995,0.6200000000000045,0.012609314622737533
135,0.001617141702041607,0.46000000000000085,0.009298564786739455,0.1599999999999966,0.003239522170479785
136,0.01011326860841424,1.1000000000000014,0.022249190938511357,1.0,0.020024028834601523
137,0.0002982996917568552,0.75,0.01491498458784926,0.029999999999986926,0.000596777402028783
138,0.012770573443124123,1.625,0.0320497016912381,1.2950000000000017,0.02521908471275563
139,0.0019361084220716636,0.7000000000000028,0.013552758954501507,0.20000000000000284,0.003864734299516963
140,0.010212847189080915,1.1700000000000017,0.022334637777989916,1.0700000000000074,0.0202191987906275
141,0.001531393568147117,0.7199999999999989,0.013782542113323101,0.1600000000000108,0.0030674846625768945
142,0.017614015043320903,1.9699999999999989,0.03751309149766731,1.8499999999999943,0.03585966272533425
143,0.016257999088444986,1.7798999999999978,0.03444748833703144,1.680099999999996,0.031995810321843385
144,0.004524886877828043,0.75,0.014441128333493789,0.46999999999999886,0.009090909090909068
145,0.006583472536110855,1.6700000000000017,0.03281910189643317,0.6700000000000017,0.013254203758654833
146,0.023283346487766372,2.4200000000000017,0.04775059194948701,2.3599999999999994,0.047676767676767665
147,0.005109339873288371,0.8599999999999994,0.017576129164111984,0.5,0.010271158586688579
148,0.0062403535812478395,1.3898999999999972,0.029406568715295314,0.5899000000000001,0.0125590802639983
149,0.004293665518155326,0.7950000000000017,0.016856612774980156,0.40500000000000114,0.008624361158432733
150,0.006569736133548729,0.9100000000000037,0.019601507808293027,0.6099999999999994,0.013053712818317985
151,0.011417850442240661,1.4550000000000054,0.03119807022246058,1.0649999999999977,0.022577909688361198
152,0.0088381116619962,1.2199999999999989,0.026298771286915257,0.8200000000000074,0.01783384080034814
153,0.0033876079117035086,0.6300000000000026,0.013768986995956783,0.30999999999998806,0.006798245614034826
154,0.013797954656133387,1.6850000000000023,0.03646988799307402,1.2750000000000057,0.027220324508966814
155,0.00579788675155796,0.9750000000000014,0.021132484421566,0.5350000000000108,0.011663396555483123
156,0.0023467772744638258,0.7449999999999974,0.01626371227419085,0.2150000000000034,0.004704595185995698
157,0.0028035367694629167,0.6199999999999974,0.013370713823592784,0.2599999999999909,0.00559139784946217
158,0.0019019442096365894,0.5600000000000023,0.011834319526627267,0.18000000000000682,0.003811136989201923
159,0.00406069673007048,0.6599999999999966,0.01410557811498176,0.37999999999999545,0.008154506437768142
160,0.0012730927234097355,0.39990000000000236,0.008492239868082585,0.11990000000000123,0.00254294803817606
161,0.0059498512537186805,0.740000000000002,0.01572460688482792,0.5600000000000023,0.011970927746900433
162,0.016515366947391502,1.8300000000000054,0.04003062452149197,1.5100000000000051,0.03358540925266915
163,0.0005490282200506355,0.5700000000000003,0.012517843417151649,0.05000000000001137,0.001097453906936158
164,0.00043658589827555395,0.6199999999999974,0.01353416284654,0.04000000000000625,0.0008735531775498199
165,0.003286590709903562,0.5399999999999991,0.011831726555652917,0.29999999999999716,0.006551648831622563
166,0.0012817773979917789,0.8200000000000003,0.017517624439222394,0.11999999999999034,0.002560273095796679
167,0.0013691416535017954,0.6300000000000026,0.013270142180094842,0.12999999999999545,0.002742037544821672
168,0.002614309342154301,0.7250000000000014,0.015472443045403647,0.24499999999999034,0.005214985100042366
169,0.013991087159291059,1.4100000000000037,0.0292258265105193,1.3499999999999943,0.02759607522485679
170,0.008313539192398944,1.3000000000000043,0.025732383214568576,0.8399999999999892,0.016766467065868047
171,0.007718187215515546,0.9200000000000017,0.018207005739164887,0.7800000000000011,0.015318146111547547
172,0.001261523532265846,1.009999999999998,0.01960213488597764,0.12999999999999545,0.002519868191509894
173,0.009496907417328147,1.0150000000000006,0.019773048263770524,0.9749999999999943,0.018815129293708883
174,0.013535566861860387,1.4099999999999966,0.027071133723720775,1.4099999999999966,0.026709604091683967
175,0.005930072584088429,1.2650000000000006,0.024004933820389974,0.625,0.011790228258819091
176,0.0014719451436739333,0.7650999999999968,0.014540803478693793,0.15490000000001203,0.002948229920061135
177,0.0039803396800150445,0.5838999999999999,0.011230347132934112,0.41390000000001237,0.007929118773946597
178,0.003922932730399887,0.7939999999999969,0.015343884669642625,0.4060000000000059,0.007815206929740248
179,0.0018394810727080254,0.970000000000006,0.01878206990028088,0.19000000000001194,0.0036722071897953602
180,0.00338196927239355,0.490000000000002,0.009469513962701749,0.3500000000000085,0.006786891603645696
181,0.009761811792268645,1.3200000000000003,0.02577118313158923,1.0,0.01971608832807571
182,0.0018205973527529208,0.8350000000000009,0.01643458150863555,0.18499999999998806,0.003634577603143184
183,0.01170402697877398,1.5399999999999991,0.030549494147986495,1.1799999999999926,0.023685266961059666
184,0.014011726125410025,1.7899999999999991,0.035575872006359914,1.4100000000000108,0.027636221089768927
185,0.0034980538995909713,0.8049999999999997,0.01586441346011725,0.35499999999998977,0.006971720345640019
186,0.0,0.8799999999999955,0.01732965734541149,0.0,0.0
187,0.005135887427901561,0.6565999999999974,0.012807533935283477,0.526600000000002,0.010219289734135493
188,0.011200935034576854,1.8100000000000023,0.03525859550014614,1.1500000000000057,0.02265563435776213
189,0.005737292400603857,1.3900000000000006,0.02798188223452442,0.5699999999999932,0.011540797732334343
190,0.01478671832214355,1.5380000000000038,0.031196121782519702,1.4579999999999984,0.029142514491305185
191,0.00831683168316835,0.9399999999999977,0.018613861386138568,0.8400000000000034,0.016496465043205094
192,0.005403281265350203,0.6699999999999946,0.013164357991944094,0.5499999999999972,0.010865270644014168
193,0.006394245179338601,0.8699999999999974,0.017384354081326756,0.6400000000000006,0.012870789341377588
194,0.0001981375074301171,0.6400000000000006,0.01268080047553003,0.01999999999999602,0.00039619651347060265
195,0.00044042084658675514,1.375,0.026914607291411794,0.045000000000001705,0.0008804539229114011
196,0.0041105056877926835,0.9699999999999989,0.018545072172832404,0.4299999999999926,0.00825494336724885
197,0.0010639326820775649,0.5100000000000051,0.00986555759744666,0.10999999999999943,0.0021301316808675333
198,0.003813155386081901,1.240000000000002,0.02364156339370833,0.3999999999999915,0.007597340930674102
199,0.0020061138708444186,0.44000000000000483,0.008406572411157906,0.20999999999999375,0.004004194870816927
200,0.004797543657647284,1.4600000000000009,0.02801765496066016,0.5,0.009641342074816815
201,0.001255237041451933,0.7909000000000006,0.015379813727101174,0.129099999999994,0.0025136292834889796
202,0.007245676746208096,0.8299999999999983,0.016037097864940553,0.75,0.01438710915020142
203,0.0018261150769166548,0.42969999999999686,0.008246785586453486,0.19030000000000769,0.003658911747740967
204,0.0027142303218301777,0.759999999999998,0.014734393175649438,0.28000000000000114,0.005413766434648127
205,0.005777007510109709,1.0,0.019256691700365876,0.5999999999999943,0.01148765077541632
206,0.02162308875418439,2.6899999999999977,0.04867456799059075,2.3900000000000006,0.042330853701735754
207,0.0057588376007795825,0.75,0.013289625232568441,0.6499999999999915,0.011451726568005489
208,0.007049700387733496,1.0,0.017624250969333802,0.7999999999999972,0.01419950301739434
209,0.008508174083478091,1.0150000000000006,0.018085438104147186,0.9549999999999983,0.016872791519434598
210,0.007485296738549308,0.980000000000004,0.017465692389948387,0.8400000000000034,0.014859366707942745
211,0.006711708301229559,1.0265000000000057,0.018286844250065794,0.7534999999999883,0.013333923199433521
212,0.004971652856519783,0.9499999999999957,0.0165721761883994,0.5699999999999932,0.00989411560492958
213,0.003980616130148909,1.1400000000000006,0.019730010384216002,0.46000000000000796,0.007993049522154787
214,0.004446769552707342,0.730000000000004,0.012729967739122923,0.5100000000000051,0.008854166666666755
215,0.002620162364159674,0.6950000000000003,0.011941067823547103,0.3050000000000068,0.005254091300603047
216,0.008044286826399159,0.9899999999999949,0.01712654614652703,0.9300000000000068,0.015960185344087982
217,0.0025773195876288416,0.6000000000000014,0.010309278350515488,0.29999999999999716,0.005141388174807149
218,0.0036805614996147616,0.769999999999996,0.013181545835829771,0.4299999999999926,0.007388316151202621
219,0.003988900450919251,0.6199999999999974,0.010752688172042967,0.46000000000000796,0.007946104681292244
220,8.649770781078727e-05,0.46999999999999886,0.008130784534209824,0.010000000000005116,0.0001729804532088759
221,0.003438789546079707,1.0800000000000054,0.018569463548830906,0.3999999999999915,0.0069013112491371886
222,0.003877638948729021,0.9099999999999966,0.015682895303748327,0.45000000000000284,0.0077253218884120655
223,0.0025773195876288416,0.8999999999999986,0.01546391752577317,0.29999999999999716,0.005141388174807149
224,0.0006359828008129433,0.9936000000000007,0.017171535621949716,0.073599999999999,0.0012711571675302073
225,0.00630887563736932,0.8900000000000006,0.015383285800708678,0.730000000000004,0.012538646513225764
226,0.007921474083003286,1.1599999999999966,0.01997589116583428,0.9200000000000017,0.015969449748307614
227,0.006675795960287582,0.8400000000000034,0.014378637452927138,0.7800000000000011,0.01326305050161539
228,0.0018710665079093778,0.6799999999999997,0.011566592957986045,0.21999999999998465,0.0037351443123936276
229,0.004506631185887733,0.6850000000000023,0.01176016138031679,0.5249999999999915,0.008972825158092489
230,0.00012921566093798817,0.5050000000000026,0.008700521169832495,0.014999999999986358,0.00025839793281630245
231,0.007231404958677716,1.2199999999999989,0.021005509641873258,0.8400000000000034,0.014568158168574461
232,0.004173696829766441,1.1099999999999994,0.019714057366130883,0.46999999999999886,0.008382379168896002
233,0.004265908282971825,0.7999999999999972,0.014219694276573004,0.47999999999998977,0.00856836843984273
234,8.915039671918433e-05,0.6499999999999986,0.011589551573504478,0.009999999999990905,0.00017831669044206323
235,0.0018516885636187988,0.5700000000000003,0.010052023631073104,0.21000000000000796,0.0036965323006514336
236,0.0035254715318174304,0.46000000000000085,0.00810858452317999,0.4000000000000057,0.007075888908544236
237,0.0007945616668137124,0.39000000000000057,0.006886201112386344,0.0899999999999892,0.00159038699416839
238,0.0034285714285714336,0.5900000000000034,0.010373626373626434,0.39000000000000057,0.006833712984054679
239,0.0038374324088609607,1.4399999999999977,0.02511773940345365,0.4399999999999977,0.007645525629887015
240,0.0012098167991704163,0.9600000000000009,0.016591773245765655,0.14000000000000057,0.002422564457518612
241,0.007055584236792232,0.9200000000000017,0.01583204267768029,0.8199999999999932,0.014211438474869898
242,0.0054673262171310395,0.9699999999999989,0.016835893430530224,0.6300000000000097,0.010994764397905928
243,0.00048079024432879595,0.5150000000000006,0.009003890030158671,0.05499999999999261,0.0009620430295608293
244,0.008394589187073108,1.0249999999999986,0.017833065112435275,0.9649999999999892,0.016649413388543637
245,0.008209338122113973,1.1599999999999966,0.019839233795108546,0.960000000000008,0.016284987277353825
246,0.0030297929641474454,0.740000000000002,0.012455815519272884,0.35999999999999943,0.0060780010130001595
247,0.0015171948752529234,0.3200000000000003,0.00539447066756575,0.18000000000000682,0.003029792964147565
248,0.0036912751677852158,0.5,0.008389261744966443,0.4399999999999977,0.007355399531929083
249,0.001827546104003978,0.5799999999999983,0.009636152184748269,0.21999999999999886,0.0036617842876164926
250,0.0015908900611237707,0.6699999999999946,0.011219961483714219,0.19000000000001194,0.0031868500503188855
251,0.003437002263391825,0.5700000000000003,0.009556542878698974,0.4100000000000108,0.00685045948203861
252,0.007723354427226127,2.8100000000000023,0.028003388310329388,1.5500000000000114,0.015328322784810238
253,0.013096233249740252,2.9849999999999994,0.030245459381411956,2.5849999999999795,0.026540041067761595
254,0.012013502779984194,3.5799999999999983,0.035544082605242236,2.420000000000016,0.02374178357696474
255,0.0006271784168372564,2.2881,0.022405104380407943,0.12810000000001764,0.0012551440329219836
256,0.00040547754461474133,2.256600000000006,0.02194246108339327,0.08340000000001169,0.0008112840466927207
257,0.0019964011925553225,1.6354999999999933,0.015716554274004195,0.4154999999999802,0.0039848470317443195
258,0.005190898947266255,1.3700000000000045,0.013292582350943624,1.0699999999999932,0.010328185328185262
259,0.002535595865028332,1.7999999999999972,0.01755412521942654,0.5200000000000102,0.005058365758754964
260,0.00015480209825425074,1.6115999999999957,0.015789814021934828,0.03159999999999741,0.0003096521313081569
261,0.014932585898613073,3.1700000000000017,0.0306383801285459,3.0900000000000034,0.029425768974383423
262,0.0021542030632293358,1.2950000000000017,0.012262386667613586,0.4549999999999841,0.004317707344847069
263,0.004044752465879879,1.8649999999999949,0.017645528301440453,0.8550000000000182,0.008056916698077819
264,0.007530050044431903,1.990000000000009,0.018614657873813282,1.6099999999999852,0.014947544332002464
265,0.002830722777882459,2.239999999999995,0.02113606340819018,0.5999999999999659,0.0056775170325507746
266,0.0048968829456633965,1.7000000000000028,0.01600904039928433,1.039999999999992,0.00974604067097734
267,0.0002825656965244526,1.6599999999999966,0.01563530187435242,0.060000000000002274,0.0005649717514124508
268,0.0006061453816384363,1.289999999999992,0.012029654497132392,0.12999999999999545,0.0012130260334048282
269,0.004641470114615846,1.8200000000000074,0.017239746140001965,0.9799999999999898,0.009326227636086693
270,0.006082842521965777,2.799999999999997,0.027034855653181398,1.259999999999991,0.01224013988731291
271,0.009729011437520817,2.049999999999997,0.0194580228750415,2.0500000000000114,0.01927053957510821
272,0.0022072936660269093,2.039999999999992,0.01957773512476,0.46000000000000796,0.004404864502537661
273,0.004310488888587553,1.749900000000011,0.016952296901088456,0.8899000000000115,0.008658299280015679
274,0.013952150357194212,3.030000000000001,0.02905499352735294,2.9099999999999966,0.027520332891999212
275,0.0056746236458284855,1.3100000000000023,0.012287201613281454,1.210000000000008,0.011285207983585226
276,0.002211452500823408,1.4699999999999989,0.013833341175363468,0.46999999999999886,0.004432707724228981
277,0.003144654088050298,1.2999999999999972,0.012388031255955757,0.6599999999999966,0.006269592476488996
278,0.006187860139220908,1.5197000000000003,0.014470556364659546,1.2997000000000014,0.012299611999621476
279,0.004939847313810375,1.6149999999999949,0.01526861896995906,1.045000000000016,0.009928741092636731
280,0.005455742639450647,1.6599999999999966,0.015614711692220831,1.1599999999999966,0.010852278042847755
281,0.00405613315306077,1.0700000000000074,0.009977155112126507,0.8700000000000045,0.008145304746746601
282,0.003991547311575594,1.6300000000000097,0.01530875792439549,0.8500000000000227,0.007951356407858023
283,0.0036056354747049406,0.9376000000000033,0.008695071556284299,0.7776000000000067,0.007185363149140702
284,0.0004620218074292844,0.8799999999999955,0.008131583810755827,0.09999999999999432,0.0009244707405010106
285,0.0003267516220883778,1.6499999999999915,0.01540400504131066,0.06999999999999318,0.0006532897806812242
286,0.011416685925583408,2.6099999999999994,0.024127571065403274,2.4699999999999704,0.022575632940315973
287,0.004162519229029119,1.3800000000000097,0.01248755768708723,0.9200000000000159,0.008290528971794322
288,0.0011636233440744312,0.9200000000000017,0.008234872896527048,0.2599999999999909,0.0023299578815305214
289,0.0013814001158593747,2.069999999999993,0.018448375740831455,0.3100000000000023,0.002758988964044164
290,0.0049274323597921265,1.480000000000004,0.01325927253180437,1.0999999999999943,0.009806543639119144
291,0.002448688838431109,1.1499999999999915,0.010239971506166167,0.5500000000000114,0.004909399268053302
292,0.0016690032712464117,1.3549999999999898,0.012061330306873976,0.375,0.0033324446814182885
293,0.002097746038830613,2.450000000000003,0.021870118277170298,0.46999999999999886,0.004186709424550141
294,0.0009838118236293661,1.1599999999999966,0.010374742867364247,0.21999999999999886,0.0019695613249776085
295,0.0026328707215850927,1.2299999999999898,0.010977732161185147,0.5900000000000034,0.0052796420581655784
296,0.002867917711085477,1.6850000000000023,0.015220287695052298,0.6349999999999909,0.005752332638825898
297,0.006878957678465762,1.9099999999999966,0.017402396246184653,1.5100000000000193,0.013663921817030307
298,0.007725628544634438,1.9699999999999989,0.017594784084312053,1.7299999999999898,0.015332801559868738
299,0.0026478126755262316,1.3400999999999925,0.011825808253533403,0.6000999999999976,0.005281640556240077
300,0.000961622519450996,1.2199999999999989,0.010665267943002,0.21999999999999886,0.0019213973799126539
301,0.001524855138761793,0.8700000000000045,0.007580708404130218,0.3499999999999943,0.0030543677458765538
302,8.626639061426083e-05,2.6599999999999966,0.022946859903381613,0.020000000000010232,0.00017254766629290166
303,0.006333989557476632,1.5600000000000023,0.013352734742788686,1.4799999999999898,0.012588245300671853
304,0.0005521811154058338,1.4500000000000028,0.012317886420592132,0.12999999999999545,0.001104972375690569
305,0.001783742461564544,2.0400000000000063,0.017327783912341854,0.4199999999999875,0.0035738597685499277
306,0.010634273464755584,3.7299999999999898,0.03135639527552427,2.530000000000001,0.021044751289302954
307,0.010691797320711665,2.549999999999997,0.02155263491526854,2.530000000000001,0.021614694574967973
308,0.004214526032251563,1.6876000000000033,0.014403471308278354,0.9875999999999863,0.008393676695563372
309,0.0011250026533080866,1.855000000000004,0.015750037146314056,0.26499999999998636,0.002247476889152628
310,0.0008193161811736573,2.6884999999999906,0.02300502927504415,0.19149999999999068,0.001639976021238252
311,0.0006418210602885376,1.4500000000000028,0.012408540498908929,0.1500000000000341,0.0012828187804672377
312,0.002550153009180648,1.3599999999999994,0.011560693641618493,0.6000000000000227,0.005087332541970686
313,0.0035053549936025774,1.0085000000000122,0.008503067976063355,0.831499999999977,0.006986220803226156
314,0.0015966386554621657,0.960000000000008,0.00806722689075637,0.37999999999999545,0.0031881869284335553
315,0.0015026296018030938,1.2800000000000011,0.010685366057266893,0.3599999999999852,0.0030007501875467637
316,0.0004610033108418977,1.8500000000000085,0.015506475001047805,0.10999999999998522,0.0009215817694368735
317,0.0007512520868112621,0.8599999999999994,0.007178631051752916,0.1799999999999784,0.0015013762615729285
318,0.005028073409871855,1.3799999999999955,0.011564568842705066,1.200000000000017,0.010005836738097365
319,0.0018478078279858799,0.960000000000008,0.00806316143121122,0.4399999999999977,0.0036887994634473317
320,0.0020426028596440414,0.8099999999999881,0.006753095168618851,0.4900000000000091,0.004076878276062976
321,0.00045686754994386856,0.9299999999999926,0.007725214935415481,0.10999999999998522,0.0009141527466133567
322,0.0022788481458462105,0.6099999999999994,0.005054899523513564,0.549999999999983,0.004547333608929168
323,0.00020648358455495748,1.0100000000000051,0.008341936816023169,0.04999999999998295,0.0004130524576619822
324,0.0008686659772492573,1.5500000000000114,0.012823164426060074,0.21000000000000796,0.0017388424277553032
325,0.004744420149346119,1.309999999999988,0.010809026775031875,1.1500000000000057,0.009444033834277783
326,0.007835086581342075,2.218199999999996,0.018120935308865434,1.918200000000013,0.015548350490394852
327,0.003852861256438403,1.4300000000000068,0.011599140203593357,0.950000000000017,0.0076761473820298725
328,0.005893909626719053,1.75,0.014033118158854897,1.4699999999999989,0.011718749999999991
329,0.0013979310620281756,1.3299999999999983,0.010624276071414293,0.3499999999999943,0.0027997760179185207
330,0.007302152190622752,2.539999999999992,0.01952344350499609,1.9000200000000405,0.014711731684996959
331,0.0009432246570019829,1.4951999999999828,0.011522136496320981,0.24479999999994106,0.001884671645237825
332,3.8531190999297766e-05,0.8299800000000062,0.00639602358108894,0.010000000000047748,7.705941280764235e-05
333,0.004249682903957697,1.3052999999999884,0.010037113405232697,1.105320000000006,0.00846339904568159
334,0.010025121347982249,2.9499899999999997,0.0228371597769367,2.5899900000000002,0.020253284329058496
335,0.0043389081729251905,2.480000000000004,0.01956453139791736,1.0999999999999943,0.008715632675699187
336,0.0043633709039805945,2.1799900000000036,0.016986053334348376,1.1199900000000298,0.008688829223338418
337,0.006400361251816033,2.450000000000003,0.019240585856206093,1.629979999999989,0.01271931429725425
338,0.0014319809069212952,2.960000000000008,0.023548130469371584,0.36000000000001364,0.0028680688336521166
339,0.0003982159923542303,1.6200000000000045,0.012902198152277831,0.09999999999999432,0.0007967492630068864
340,0.006576836701956955,2.220000000000013,0.017805582290664205,1.6399999999999864,0.01306772908366523
341,0.009970208540218434,4.110000000000014,0.03265143992055622,2.509999999999991,0.019743569574451277
342,0.007602880244579487,2.509999999999991,0.020193893559676504,1.8900000000000148,0.015322253749493432
343,0.00048080775703171784,2.1799999999999926,0.017469348505489164,0.11999999999997613,0.000962078088671339
344,0.006509324707479715,3.009999999999991,0.024040573459526305,1.6299999999999955,0.01293445484843672
345,0.007895481550969483,2.9200000000000017,0.02282676672920577,2.0199800000000323,0.015667262519760004
346,0.008669362618261506,2.5400100000000094,0.019661041115371185,2.2399900000000343,0.017490355470418363
347,0.003592262248959049,1.8286999999999978,0.014436149817979135,0.9100999999999999,0.0072104262398985895
348,0.0012093316484807714,0.9472999999999985,0.007455905438371888,0.3072999999999979,0.002421591804570511
349,0.002276613193726837,1.7200100000000162,0.013502982669846937,0.5799899999999809,0.004542883997806696
350,0.005298171533282925,1.5500000000000114,0.0123491216189301,1.3300000000000125,0.010540497701696088
351,0.0035716399944748156,1.4450000000000074,0.011405568601140616,0.9050000000000011,0.007168884664131822
352,0.006809683133241559,1.9500000000000028,0.015351308797480832,1.7300000000000182,0.013712745719721134
353,0.0018041133785029412,1.3499999999999943,0.010824680271017875,0.44999999999998863,0.0036017288298382313
354,0.0036720683324019615,0.980000000000004,0.007823102099465186,0.9199999999999875,0.007317267159786745
355,0.0023191562304635837,1.2950000000000017,0.010446286325044884,0.5749999999999886,0.004649094437257346
356,0.01520256389185631,5.359999999999999,0.0440463472758649,3.6999999999999886,0.030874499332443163
357,0.009788785572384452,2.6278000000000077,0.02154533103870672,2.3877999999999986,0.019387788242936008
358,0.006317978246961023,1.6600000000000108,0.013275751759437068,1.5800000000000125,0.012556624016530338
359,0.008163426272824046,2.3700000000000045,0.01869306305951023,2.069999999999993,0.016194648724769153
360,0.008790411454086612,3.9900100000000123,0.030632299360189696,2.289989999999989,0.017427626897079586
361,0.003307200841852247,2.0800000000000125,0.015634395670475136,0.879980000000046,0.006636349424106725
362,0.004955224683315416,2.9643100000000118,0.022328697612657357,1.3156900000000178,0.009959802425450368
363,0.0011421120320498925,1.2599899999999877,0.009593345150245635,0.3000099999999861,0.002281618200500449
364,0.0015517541535782255,1.1099999999999852,0.008401771184195475,0.4100199999999745,0.003098699886736515
365,0.001996722374890637,2.1499900000000025,0.016200053354935535,0.529989999999998,0.004001434503586244
366,0.0021031322767219858,1.1999999999999886,0.009013745962592868,0.5599799999999959,0.004215129528405726
367,0.005617275725064061,1.670000000000016,0.012425132069109744,1.5099799999999846,0.011171796389464224
368,0.006079966118483065,2.1199900000000014,0.01571876680206002,1.640009999999961,0.012086447048418904
369,0.0019021142731728063,1.9399999999999977,0.014192698807520651,0.5199999999999818,0.0037970062066446284
370,0.0009118129431485544,1.2699899999999786,0.009263576014311962,0.2500100000000316,0.0018252902095351653
371,0.0005810094619102919,1.3999900000000025,0.010166957522402252,0.16000999999999976,0.0011613441718681939
372,0.012799718851731229,4.860000000000014,0.035957383841373286,3.460019999999986,0.025931351714858
373,0.005495061595376632,2.140000000000015,0.015890694594884302,1.480039999999974,0.011050848282748129
374,0.0002981880545819765,1.2000200000000234,0.008948027738423856,0.07997999999997774,0.0005961983299438019
375,0.0006132453068622403,1.444199999999995,0.010787440586725585,0.16420000000005075,0.0012257389350751075
376,0.0011411639120990607,1.7299999999999898,0.012736040048588287,0.3100199999999518,0.0022849353099152776
377,0.004523222888243365,1.25,0.009193542455779061,1.2300000000000182,0.00900571093864415
378,0.0032295508519149525,1.4450100000000248,0.010546170724682403,0.8850100000000225,0.006438308857972748
379,0.003918696209485417,1.6100000000000136,0.011792711957517037,1.0699999999999932,0.0078067999416313524
380,0.005321354331306452,1.7299099999999896,0.01269797997292246,1.4499100000000453,0.01058637481115871
381,0.0005499871686770557,1.1699999999999875,0.008578656010558254,0.15002000000004045,0.0010993696981265093
382,0.0003629172714077367,1.5600000000000023,0.011320754716981147,0.10001999999997224,0.0007255712204879219
383,0.0010466635389224685,1.3499999999999943,0.009744126457107757,0.2900200000000268,0.002095520382624499
384,0.0023817573723595685,1.1201000000000079,0.008083282125742325,0.6600799999999936,0.004752196166464761
385,0.0007194964028776798,1.0799799999999777,0.007769640287769624,0.20001999999999498,0.0014400289013699352
386,0.005116667271473763,2.530000000000001,0.01836194070472113,1.410000000000025,0.010285964400350341
387,0.005872661166246922,1.7099900000000048,0.012474849989963559,1.609989999999982,0.01181470609818729
388,0.005713443178886106,1.950000000000017,0.014375760256552158,1.5500000000000114,0.011361970385574047
389,0.014001154734411068,4.219999999999999,0.030456120092378743,3.8799999999999955,0.02839994144341967
390,0.001229495154057665,1.8599999999999852,0.013452914798206173,0.3399800000000255,0.0024559707040362096
391,0.002014135601246703,1.9600100000000111,0.014099776487311191,0.5599699999999643,0.004020174026862694
392,0.00661675978277056,1.8900000000000148,0.013519795878265004,1.8499800000000164,0.01314653212052314
393,0.001602177675609809,1.2885000000000275,0.009205823567551542,0.44849999999996726,0.0031992296169481935
394,0.0025002216508555157,1.375,0.00975263764518131,0.7049999999999841,0.004987972265459064
395,0.0042143464654849265,2.1436899999999923,0.015264300165741953,1.1837100000000191,0.008393320570091605
396,0.0011400595828630238,1.4193799999999896,0.010101615398739662,0.3203800000000001,0.0022827216043661137
397,0.01099542726002733,5.41001,0.039264141987003585,3.0300100000000043,0.022235341601232878
398,0.0062917580948787044,4.008299999999991,0.028850360321804207,1.7482800000000225,0.012663189917427368
399,0.0008040792455589625,3.0600200000000086,0.022370202500182828,0.21998000000002094,0.0016068664431605944
400,0.0010946705068972926,3.149789999999996,0.02379806202105329,0.2897699999999759,0.002191740247201977
401,0.001822306519394582,2.4699799999999925,0.0183716761500985,0.4900000000000091,0.0036379835177073956
402,0.011520968105124351,3.8215900000000147,0.02857494394220045,3.081610000000012,0.02277949438202256
403,0.01040302633493364,3.0600200000000086,0.022261166884912035,2.859999999999957,0.02059183526531757
404,0.0015225855016463505,2.9199899999999843,0.021171620462165617,0.4199899999999843,0.003049814606795717
405,0.005565836486055126,2.6199900000000014,0.019187037012558156,1.5200300000000198,0.0111939768167007
406,0.012417896274652972,3.8000000000000114,0.02775748721694676,3.4000199999999836,0.02453116706124324
407,0.00971950182933588,3.25,0.02402158246794043,2.6299999999999955,0.019629795491864426
408,0.0019862084473258866,2.3300000000000125,0.017464303114342557,0.5299799999999664,0.00396454248687456
409,0.003982557563885157,1.7400100000000123,0.01283287805764158,1.0799899999999525,0.00793351942995631
410,0.005028446095392683,1.6650100000000236,0.012090039831177759,1.3850100000000225,0.010006574669460462
411,0.005182242784399942,1.4699999999999989,0.010654103232172253,1.4300400000000195,0.0104184766442138
412,0.00031164693947763713,1.4935000000000116,0.010764216098755549,0.08647999999993772,0.0006230996918433219
413,0.000254129015722222,2.9100099999999998,0.021126067048751935,0.07001000000002477,0.0005081289011469356
414,0.01611657694572844,5.550009999999986,0.04093682312606211,4.370010000000036,0.032761151510608266
415,0.005344058685669707,1.6600099999999998,0.012321012852408995,1.4400099999999725,0.010631303063861001
416,0.00036856068980775696,2.0600000000000023,0.015181664087257737,0.10002000000002909,0.0007368498057428247
417,0.0067209166655868725,2.2099899999999764,0.016412239293462354,1.8100100000000339,0.013352095013278503
418,0.003232249863809647,1.5300000000000011,0.011113128745233347,0.8899999999999864,0.006443672169128195
419,0.0009802505347704439,2.9099899999999934,0.02112898969428166,0.2700100000000134,0.0019585811693022875
420,0.003004836936606814,1.5,0.010993037742762918,0.8200199999999995,0.0060277863883994665
421,0.00397563555458304,1.210000000000008,0.008826640405587833,1.0900000000000318,0.00791978493061129
422,0.003425870024144305,1.6237100000000169,0.011633506743426777,0.9563100000000304,0.00682834701892203
423,0.000646490432017135,1.979990000000015,0.014225088520191519,0.17997000000002572,0.0012938173045424347
424,0.004235943512691631,3.289989999999989,0.023822380658832666,1.1700099999999907,0.008507926119837046
425,0.002814372596756185,2.3762100000000146,0.017511004852352678,0.763810000000035,0.0056129482657263
426,0.00324292452830187,1.1800000000000068,0.008696933962264201,0.8799999999999955,0.00646488392594766
427,0.0009081332413089585,1.549999999999983,0.011260852192233523,0.24999999999994316,0.0018179173938332107
428,3.6449039200131486e-05,1.489990000000006,0.010850889893642768,0.010010000000022501,7.289542143218968e-05
429,0.0011014833308856343,1.039999999999992,0.00763695109414005,0.30000000000001137,0.002200542800557554
430,0.003048057091751711,1.0949999999999989,0.007994305426271687,0.8349999999999227,0.006077589344202073
431,0.006686375733189855,2.1400899999999865,0.015552984737531248,1.840090000000032,0.013283930118394686
432,0.0010747986881202696,2.2964100000000087,0.016261016934390395,0.30356999999997925,0.002151910246550484
433,0.0036441230312298585,3.3999900000000025,0.024294320267749938,1.019990000000007,0.0073149024670109515
434,0.0007552055237889004,1.1899999999999977,0.008558995936275023,0.20999999999997954,0.001509271237602268
435,0.01012357243217928,3.8100000000000023,0.02745253449580288,2.8100000000000023,0.020454214587276184
436,0.009899017707256246,3.927989999999994,0.02846493428935074,2.7320100000000593,0.01960397531572947
437,0.001650958353705877,1.739990000000006,0.012490058591991234,0.45998999999994794,0.003296474365520221
438,0.005577516651324041,3.7150000000000034,0.026822620530315363,1.545000000000016,0.011217599651492166
439,0.0038448347443094557,1.4350000000000023,0.010361197855556975,1.0649999999999977,0.00766021721930517
440,0.01121724075743916,3.25,0.023444544634806132,3.1099800000000073,0.022688989371198027
441,0.002407557846844947,2.7900999999999954,0.02067124307139951,0.6499200000000087,0.004826736340641457
442,0.009593658554654128,3.530000000000001,0.026151053820794908,2.589999999999975,0.019004989727032396
443,0.005715950049150072,1.8300000000000125,0.01332508100629856,1.57000000000005,0.011366927309586229
444,0.003488335882570362,1.1599899999999934,0.008430160190049378,0.9599900000000048,0.007001093932322088
445,0.007462104303976475,2.139989999999983,0.01565579104747193,2.0399900000000457,0.015036411881772285
446,0.002938368338956236,1.7299999999999898,0.012551238800014438,0.8100200000000655,0.005859519252060712
447,0.0010078802918437157,1.4199100000000158,0.010218123631372906,0.2801099999999792,0.0020137309839156677
448,0.00417074822657101,1.5300000000000011,0.010907924286172611,1.1700199999999654,0.008376432443902418
449,0.0025374004695112853,0.7699899999999786,0.005503663396721316,0.7099899999999479,0.0050877104980290066
450,0.005504297070465046,1.9799899999999866,0.014062429476648678,1.5500099999999861,0.010948331273176664
451,0.001069406777790931,1.4600100000000111,0.010409310907981296,0.2999899999999798,0.002136528737269281
452,0.00377977463985167,2.3999999999999773,0.01711596063329038,1.0600000000000023,0.007588231083112623
453,0.006291582296789156,3.4399999999999977,0.024877061035579965,1.740000000000009,0.012662833854886901
454,0.004899967511159908,1.4900100000000123,0.01081637729361474,1.3499899999999911,0.009752149805110808
455,0.012777284017611927,3.75,0.02714735781281774,3.5299799999999664,0.02588531201877221
456,0.00520039551746877,1.839999999999975,0.01347689152567183,1.4200200000000223,0.01034698263283442
457,0.0028306281127952293,1.75,0.012540757461750691,0.7900000000000205,0.005645276547091757
458,0.003995148747948936,1.9399999999999977,0.013840336733965883,1.1200000000000045,0.007958502096212638
459,0.0027664085609795473,2.1600099999999998,0.014938862125280521,0.7999899999999798,0.005548165614813647
460,0.005188891004314427,1.8500099999999975,0.012885321709396524,1.4899899999999775,0.010431912063291866
461,0.004968935854926846,2.210010000000011,0.01535849109970789,1.4300100000000384,0.009888735218864797
462,0.0040983606557377286,1.9399799999999914,0.01347582661850508,1.1800000000000068,0.008230452674897167
463,0.00019138090018618517,1.454999999999984,0.010125789446213158,0.05500000000000682,0.00038268856109105774
464,0.0002074975791947207,0.8400000000000034,0.005809932217457487,0.05999999999994543,0.00041508128675161137
465,1.7236307000048815e-05,1.115000000000009,0.007718265985982584,0.004979999999989104,3.447320819089729e-05
466,0.001390240511608429,1.3200000000000216,0.009175587376616303,0.39999999999997726,0.002776620852422444
467,0.000450441711415215,1.1099999999999852,0.007690975229516614,0.1300200000000018,0.0009012894011707738
468,0.007489283865401285,2.2300200000000245,0.015392717860224501,2.1700200000000223,0.014867222878376222
469,0.0036750815730724716,1.6899999999999977,0.01160913618409753,1.07000000000005,0.007323249606461227
470,0.0017369137439324494,1.510009999999994,0.010285120379895735,0.5100100000000225,0.0034678042110694255
471,0.0029873444594278116,1.1824900000000014,0.008051201581357886,0.8775100000000293,0.005956893625687525
472,0.002403439287769664,1.4099999999999966,0.009546054635929703,0.7100000000000364,0.004795353235175175
473,0.005632635766356928,1.720010000000002,0.011533627991228203,1.6799899999999752,0.011202173768086786
474,0.0038393483123561386,1.5700000000000216,0.010483090174607029,1.150000000000034,0.0076493281894375025
475,0.002470806650499858,1.1349900000000162,0.007528330734488765,0.7450100000000361,0.004953853314715315
476,0.00020050116269636564,2.3799899999999923,0.015903708122161384,0.06001000000003387,0.00040108274294902997
477,0.0022091443807044442,1.2989900000000034,0.008709256465474276,0.6589899999999602,0.004408549638747393
478,0.00020055495451483678,1.479990000000015,0.009895626842216374,0.05999000000002752,0.0004010294805804367
479,0.003949911907926126,1.43001000000001,0.009493211753801915,1.189990000000023,0.007868742974277743
480,0.0010534996690097509,1.0999899999999911,0.0072429707235473605,0.3199900000000184,0.0021047819509308584
481,0.0020394053022827806,0.9799999999999898,0.006446944279981513,0.6200200000000109,0.004070509186547526
482,0.002701100204229692,1.0200000000000102,0.006719810264180843,0.82000000000005,0.005416831813978399
483,0.0034982840746864744,3.509990000000016,0.023388238434508237,1.0500099999999861,0.007021130056837085
484,0.00857883062542772,2.780000000000001,0.01877870972566265,2.540020000000027,0.017011720581341015
485,0.0010692768619402118,0.9799000000000149,0.006546197657224248,0.3201199999999744,0.0021362694603755746
486,0.00020003334889822443,0.8400100000000066,0.00560380234810537,0.05997000000002117,0.0003999866871199096
487,0.0045012245978685835,1.5999999999999943,0.01059111670086711,1.3600000000000136,0.008962108731466318
488,0.0013196423423183182,1.3000100000000145,0.008577526769018084,0.400009999999952,0.0026427721987311837
489,0.0013051163866447998,1.125,0.007434207265698568,0.3949999999999818,0.00261364388274983
490,0.003970880211780051,1.539999999999992,0.010191925876902659,1.1999999999999318,0.007910349373763559
491,0.006634763187282362,2.4199999999999875,0.015896997963607613,2.020019999999988,0.013182066485116961
492,0.0043546080852722435,2.059999999999974,0.013388795008449068,1.339999999999975,0.00867145538083204
493,0.001094232749742453,1.0799800000000062,0.006951467559217341,0.339999999999975,0.0021860734263484537
494,0.0025148632152804107,1.2600100000000225,0.008124903013770361,0.7800100000000043,0.005042407395436061
495,0.0029709682545684523,1.3000099999999861,0.008396370483639079,0.9199899999999843,0.0059596424175680784
496,0.00613860170586728,2.0200000000000102,0.01305246833807192,1.9000200000000405,0.012202298362192901
497,0.00012707287629461995,2.2000200000000234,0.013978143465277487,0.040000000000020464,0.00025411346166076147
498,0.001807286217064565,0.8499999999999943,0.005390151875455749,0.5699999999999932,0.0036211168286639553
499,0.0002065274227569463,0.5949999999999989,0.0037798774697131686,0.06502000000000407,0.00041314017028849966
500,0.0038275710570830506,1.3300099999999873,0.008414323487626005,1.2100099999999543,0.007625953236276261
501,0.00047210246404645015,1.3300000000000125,0.008370834251188045,0.15002000000004045,0.0009437593769655679
502,0.0018052256532066291,2.2900000000000205,0.014505146476643043,0.5699999999999932,0.0036169807728916375
503,0.0037553306600469414,1.3200000000000216,0.008401756730952972,1.17999999999995,0.007482561826252061
504,0.01207888610708469,4.290000000000006,0.037686124654104675,2.7499999999999716,0.023869455776408054
505,0.007689941556444172,2.1899999999999977,0.019246825152700247,1.75,0.015499070055796652
506,0.011684559996550594,3.049999999999997,0.026301039106626973,2.7099999999999795,0.02309921581997937
507,0.003397027600849305,2.1599999999999966,0.018343949044585958,0.8000000000000114,0.0067710537452391984
508,0.00045919432268831233,1.5899999999999892,0.01327489041953654,0.10999999999998522,0.0009179671200866663
509,0.0004559207526836541,1.5300000000000011,0.012682886392837909,0.10999999999998522,0.0009114259673542566
510,0.0073197965344692535,1.9099999999999966,0.015797526983995672,1.7700000000000102,0.01453321290746375
511,0.004569608998614601,1.414999999999992,0.011703161507764135,1.1049999999999898,0.009097645315330066
512,0.0015161252082332149,0.8940999999999946,0.007437956371365361,0.3644999999999925,0.003027660104659793
513,0.002924819773429487,1.1100000000000136,0.00914521112255418,0.710000000000008,0.005832580300665472
514,0.0016884240003295517,1.1700000000000017,0.009636371123831502,0.410000000000025,0.0033711560598587813
515,0.005850793448263717,1.8585000000000065,0.015298909072948725,1.4214999999999804,0.011633521564776008
516,0.0008588374372289954,2.0075000000000074,0.016226975578704932,0.21249999999997726,0.001716200936843622
517,0.0012227928588897504,2.259999999999991,0.018423412407271467,0.30000000000001137,0.0024485798237023457
518,0.0017715125702007857,4.689999999999998,0.035354867890392355,0.46999999999997044,0.003536759726089025
519,0.0016045095102358486,1.7754099999999937,0.013417782103897696,0.42460999999997284,0.003203878367161947
520,0.004009480421533975,2.010009999999994,0.015063589577831467,1.070009999999968,0.007986937374038725
521,0.004319651600488136,2.224989999999991,0.01664259463479974,1.1550100000000043,0.008602144931853758
522,0.001319294904509052,1.8148899999999912,0.013492858072439117,0.3549099999999612,0.002642075485743774
523,0.0017891754882958784,1.7800000000000011,0.013269718204860604,0.4800000000000182,0.0035719601131122057
524,0.0014303646992294304,0.9759899999999959,0.007271135408739748,0.38398999999998296,0.00285664335664323
525,0.0013032581901597812,1.8499899999999911,0.013777620041794012,0.34998999999999114,0.002609917777038131
526,0.008165814975732936,2.2099899999999764,0.016480777937999826,2.189989999999966,0.016199349064279653
527,0.0013296520155999067,0.9000100000000089,0.00664851862862832,0.3599900000000389,0.002655772777573138
528,0.0030168127075570535,1.479990000000015,0.010889486089672913,0.8200300000000311,0.006015477845108955
529,0.0007877264713606525,2.3499999999999943,0.017630068644735316,0.21000000000003638,0.0015766949470683714
530,0.005716472143043595,1.5200100000000134,0.01143294428608719,1.5200100000000134,0.011367959661359783
531,0.004013863228047939,1.239990000000006,0.009217200966966557,1.0799699999999461,0.008060078508837682
532,0.003836788902826018,1.339999999999975,0.00988710986497436,1.0400000000000205,0.007644248438074387
533,0.0025881237925128,1.509999999999991,0.011008639230124238,0.7100000000000364,0.0051628853984877566
534,0.0031112963639895433,1.3918899999999894,0.010166760094548038,0.8519100000000321,0.006242013481829075
535,0.0017781689508354693,0.8000100000000145,0.005806220045949231,0.4900100000000407,0.003550025356806786
536,0.004854017242628323,1.339999999999975,0.009708034485256646,1.339999999999975,0.009661139149242791
537,0.0016650490746738058,2.0197000000000003,0.014611138408578852,0.46032000000002427,0.0033356521739132195
538,7.261515613959027e-05,1.0,0.007254261352610711,0.02001999999998816,0.00014524085896683224
539,0.0024837479746499737,0.9500099999999918,0.006839278889862758,0.6900100000000293,0.004955188509874538
540,0.0031094391111390037,1.1499900000000025,0.008220379276586769,0.869989999999973,0.006238275760915067
541,0.0018574438542133692,1.0200100000000134,0.007286826429246187,0.5200100000000134,0.0037218007443459303
542,0.0013285212675823944,1.1693099999999959,0.008413188569399961,0.36928999999997814,0.0026535172810230523
543,0.0018606811258488768,1.3349900000000048,0.009646753126068254,0.5149900000000116,0.003728299428075086
544,0.0010047007680745144,1.3999900000000025,0.010047294748359957,0.27998999999999796,0.002011422413793089
545,0.0014067448151487564,2.910000000000025,0.020991884580703515,0.3900199999999927,0.0028174530677925547
546,0.001936336162435169,1.1850200000000086,0.008577933006388162,0.535000000000025,0.0038801856686975994
547,0.004177286540134512,1.669210000000021,0.012134889995140627,1.1492100000000391,0.00838961892247072
548,0.0029621290971792017,2.2557099999999934,0.016615161759561136,0.8042899999999236,0.005941858747044352
549,0.0050591099970570715,1.6600099999999998,0.012350345496973976,1.359989999999982,0.0100672884743503
550,0.006762510509193366,1.8899999999999864,0.013817304529005274,1.850020000000029,0.013434172287112817
551,0.0035849109695409065,1.8350099999999827,0.013222676110223933,0.9950100000000361,0.007195617587503877
552,0.00019846666551931062,1.4749899999999911,0.010643022976710572,0.055009999999981574,0.0003970121247111834
553,0.0020937906137183313,0.8799999999999955,0.006353790613718379,0.5799799999999777,0.004178831628995562
554,0.002504006295607365,1.1000000000000227,0.007869509228788258,0.700019999999995,0.005020584165572951
555,0.00478352456120811,1.6450100000000134,0.011788594450128392,1.3350100000000111,0.00952150278000844
556,0.002571383427854869,1.7003899999999703,0.012072158335906446,0.7243699999999649,0.0051560249728786044
557,0.0017161756292904573,1.7199999999999989,0.012299771167048048,0.479979999999955,0.0034382519027036963
558,0.006690391459074717,3.240000000000009,0.023060498220640633,1.8799999999999955,0.013291855203619878
559,0.005136584331047536,2.540009999999995,0.018120925237958347,1.439990000000023,0.010326210111151115
560,0.00035926829730237433,1.559989999999999,0.011212462760998243,0.09997000000004164,0.0007182785398967311
561,0.0,1.6000000000000227,0.011410640422193858,0.0,0.0
562,0.0014700419520239586,2.0900200000000098,0.014988131521388432,0.4099799999999618,0.0029444123136730727
563,0.0010731558605867539,1.3399900000000002,0.009587107047753202,0.2999899999999798,0.0021440108633503418
564,0.002949959233392179,1.0700099999999964,0.007605715165288212,0.8300299999999652,0.00588256513943525
565,0.005896427274197358,1.9000100000000089,0.013337147737510513,1.6800100000000384,0.011723726448011432
566,0.0019194206274848365,1.3499899999999911,0.00942236924018946,0.5500099999999861,0.0038462237762236793
567,0.00010448073336633237,1.2100100000000111,0.008425373687476097,0.03001000000000431,0.000208939636566207
568,0.003906760286966569,1.6000099999999975,0.011162341675817679,1.119989999999973,0.007844165849558573
569,0.0020981605085270178,1.0399899999999889,0.007273674385449832,0.5999899999999911,0.0041875348967056894
570,0.0017115512242831016,0.549999999999983,0.0038422578504312623,0.4900000000000091,0.003417253643908286
571,0.0020014747708835857,1.1099999999999852,0.007795217528705259,0.5699999999999363,0.0040109774118636
572,0.0019791575444434635,1.5150000000000148,0.010613889132148276,0.5649999999999977,0.00395049643406515
573,0.0014627011214042485,1.0800000000000125,0.007522462910078795,0.4200000000000159,0.002921129503408095
574,0.0019435690983549963,0.7400000000000091,0.005136392031651344,0.5600200000000086,0.0038795979300590877
575,0.00024425702317148773,1.1896999999999878,0.008269566888645751,0.07028000000002521,0.0004883947524945986
576,0.0030061158909505704,1.3699999999999761,0.009467537403683193,0.8700000000000045,0.005994212484497758
577,7.184445341573731e-05,5.720010000000002,0.04111565702687096,0.019989999999950214,0.00014369923082416944
578,0.005265195556244994,1.7900100000000236,0.012822880016373247,1.4699899999999957,0.010475236941495016
579,0.0045154816513761145,2.0800000000000125,0.014908256880734036,1.259999999999991,0.00907192742458054
580,0.0036450381065669417,1.980099999999993,0.014150651808279737,1.0201000000000136,0.007263600113927753
581,0.004233519513323329,1.5300000000000011,0.010886193034259497,1.1900000000000546,0.008503036798857125
582,0.0007143778517132988,2.038189999999986,0.01469187017389023,0.19821000000001732,0.0014297771045229555
583,0.0006458557588805412,1.079999999999984,0.007750269106566086,0.18000000000000682,0.0012908777969019422
584,0.0012210889240050818,0.8199999999999932,0.0058899583393190146,0.339999999999975,0.002445163610211974
585,0.0050874536073177365,1.760009999999994,0.012611135447518422,1.4200099999999907,0.01012340486205169
586,0.003049861692318652,1.6400000000000148,0.01163203064047106,0.8600000000000136,0.006118383608423546
587,0.005379600270761306,1.8700000000000045,0.013324307955395664,1.509999999999991,0.010817393796117136
588,0.00046324341659835175,1.3700000000000045,0.009763745857534865,0.12999999999999545,0.0009269162210338356
589,0.007789260482761748,2.790009999999995,0.0200295064442193,2.1700099999999907,0.015458113691408967
590,0.0015233587785040703,3.31998999999999,0.024084077768736882,0.4199899999999843,0.00305136588201093
591,0.000616321647391567,1.5699999999999932,0.011383823369466651,0.17000000000001592,0.0012318840579711298
592,0.0076883703983687424,2.554789999999997,0.019021960778853594,2.065210000000036,0.015259420718191488
593,0.009210649960845859,3.3300000000000125,0.024834992728493217,2.4700200000000336,0.01825317630408122
594,0.006388764496370055,2.609999999999985,0.0197331100644077,1.690020000000061,0.012859686501294028
595,0.00233082706766919,2.6400199999999927,0.01984977443609017,0.6200000000000045,0.00465081389243121
596,0.006892343422235422,2.219999999999999,0.01663170512436319,1.8399799999999686,0.013690328399577772
597,0.0037303785780239736,1.4700000000000273,0.010858725761773054,1.009999999999991,0.007433029143361723
598,0.0026359012437350286,1.4699999999999989,0.010915166140709105,0.70998000000003,0.005285735163361215
599,0.007002550558894987,2.4991899999999987,0.018625597278946738,1.8792100000000005,0.013907711663706338
600,0.00018328752733319184,1.2700100000000134,0.009309217859967769,0.05000999999998612,0.00036650787834361395
601,0.0008750958254335737,1.038409999999999,0.007622432211454091,0.23842999999999392,0.0017486614045719097
602,0.0029747335918967523,4.689999999999998,0.0353202545468238,0.7900000000000205,0.005967218067830051
603,0.004796208174243549,2.655000000000001,0.019974796396260843,1.275000000000034,0.009638645297853297
604,0.0075690540489138725,2.369999999999976,0.01802898330227056,1.989979999999946,0.015253563141685684
605,0.003016202512907861,1.9599900000000048,0.01515846809131991,0.779989999999998,0.006014264785257136
606,0.0009271147519163295,1.0400099999999952,0.008034067517731424,0.2400299999999902,0.001852512012617659
607,0.005131419170355291,1.5900000000000034,0.012456422108190712,1.3100000000000023,0.010315772895503601
608,0.003599092402785447,1.5,0.011736170878647994,0.9200000000000159,0.007172370780385249
609,0.013577693988145215,3.655000000000001,0.027919409688195583,3.5549800000000005,0.026791619564398225
610,0.0041653286882763416,3.140000000000015,0.023780672523477844,1.0999800000000164,0.008365502443873997
611,0.0033770444604093413,1.75,0.013280213491194345,0.8900199999999927,0.006731356829526492
612,0.0011613905832470236,2.5099899999999877,0.01880635302115328,0.31001000000003387,0.002325481959343139
613,0.0008074645346216079,1.4425999999999988,0.010715190301215234,0.21742000000000417,0.0016136261233764503
614,0.00143637429794929,1.4100099999999998,0.01038643105644613,0.38998999999995476,0.002868628172121771
615,0.0022563343813575497,1.5300000000000011,0.011318660995006481,0.6100000000000136,0.0045228738785498155
616,0.0005895489386791046,1.1800000000000068,0.008696933962264201,0.15997999999996182,0.0011784031510311825
617,3.703155773105411e-05,1.4500099999999918,0.010728497307850087,0.010009999999965657,7.40658582362134e-05
618,0.003065785099545824,1.3300000000000125,0.009825287186495862,0.8300000000000409,0.00615042608373502
619,0.0013583464884907837,1.990000000000009,0.014611402768089938,0.37000000000000455,0.0027130077724006785
620,0.0016023670210353325,2.1199900000000014,0.015440567536760114,0.4400099999999725,0.00320987744382822
621,0.00014391157715524697,1.3399900000000002,0.009649240644100263,0.03996999999998252,0.0002878645813564041
622,0.0016911093329654784,1.1499900000000025,0.008275393382340658,0.47001000000000204,0.00337650862068967
623,0.0017907235598397366,1.0999899999999911,0.007879584809440654,0.4999700000000189,0.0035878720066114017
624,0.003457216940362934,1.420000000000016,0.01022760011524068,0.9599999999999795,0.00693842150910653
625,0.00376604770394208,1.2726900000000114,0.009153169136209076,1.0472899999999754,0.007560568870920988
626,0.0007574391343552012,1.3500000000000227,0.009738503155996557,0.20999999999997954,0.0015160265665606376
627,0.0042603076034371185,1.299999999999983,0.009386959347245165,1.1800200000000132,0.008557070961354045
628,0.0035972859067107004,2.210010000000011,0.015742493295491287,1.0100100000000225,0.0072205461824422544
629,0.0019292962461341825,0.9599900000000048,0.006859521502662468,0.5400099999999952,0.003851162458992977
630,0.0029405845881310105,1.3900199999999927,0.009849565987599593,0.8299799999999777,0.005863925806409749
631,0.004832942258957212,1.5800100000000157,0.01122963712758941,1.359989999999982,0.009619394539538705
632,0.0014738860968550162,1.0149999999999864,0.007209958977819512,0.4149800000000141,0.002952123287179208
633,0.005212087490643579,1.8600100000000168,0.01328009377123767,1.4600099999999543,0.010478791358644615
634,0.0026978701703182857,2.1200100000000077,0.015051544730264335,0.7599899999999593,0.005410336726702921
635,0.0021286362991344864,1.2800000000000011,0.009081878813679589,0.6000200000000291,0.0042482296624025235
636,0.0031626256237263354,1.259999999999991,0.008855154965211828,0.9000200000000405,0.00630530991275705
637,0.003536148287509907,1.3899899999999832,0.009732801517095479,1.010029999999972,0.007047376008416215
638,3.483592412720368e-08,1.0199899999999786,0.0071064588276476895,1.0000000031595846e-05,6.967184582732422e-08
639,0.0013648993875765274,1.8500000000000227,0.01294838145231862,0.3900199999999927,0.0027260779530244856
640,0.023076134149259856,8.110000000000014,0.05545109568903637,6.75,0.04511127447704338
641,0.0058779264769368315,2.030000000000001,0.013482549065187801,1.7700199999999882,0.011825361559684685
642,0.00716078769393967,2.240000000000009,0.014852141625779136,2.159979999999962,0.014424868810947466
643,0.0055499832831827755,2.3400000000000034,0.015646940822467422,1.6599999999999682,0.011038701955047003
644,0.0019458496916345107,2.2549899999999923,0.01500101398656171,0.5850099999999543,0.003899286809304501
645,0.005179961902215534,2.009999999999991,0.013434481836714172,1.5499999999999545,0.010306536338852016
646,0.00401310059324419,1.309989999999999,0.008689529080643122,1.2099900000000616,0.007994119978858757
647,0.00013257123483857808,1.1599899999999934,0.0076871435491337025,0.040009999999995216,0.00026517762460230126
648,0.0002669715061401922,1.1799900000000036,0.007876577260415792,0.07999000000000933,0.000534085597916868
649,0.0003033685235648322,3.7899900000000173,0.025558823399495126,0.08996999999993704,0.000606921167908293
650,0.002256703761559121,4.320009999999996,0.028673900548456744,0.6799900000000321,0.004523615984325919
651,0.013532524954779808,7.359999999999985,0.04930662557781192,4.039999999999964,0.02743633276740213
652,0.009604291996482056,5.950019999999995,0.04186469656992081,2.7300200000000245,0.019394857871189282
653,0.001135637731563607,3.1599999999999966,0.022428845198381696,0.3199999999999932,0.002273857741774982
654,0.008074524034254873,3.168500000000023,0.022960852055226508,2.2285000000000537,0.016019696642944815
655,0.007261593474066988,2.6600099999999998,0.019124380585390056,2.0200300000000198,0.014418485765989737
656,0.008738112257405105,3.959990000000005,0.028835577483595116,2.400010000000009,0.017630279879526988
657,0.006355659035705613,2.690010000000001,0.019996358297578832,1.7099900000000048,0.012792623625346038
658,0.008182509038209393,3.7642099999999914,0.027947646820996964,2.2041699999999764,0.016232197969820724
659,0.009957003847024163,3.180000000000007,0.023987327449649296,2.6399999999999864,0.02011428571428561
660,0.0046454953925823255,2.1200000000000045,0.016145000380778346,1.2199999999999704,0.009248029108550413
661,8.940588815529847e-05,1.636099999999999,0.012230516188184435,0.02392000000003236,0.00017882776456571478
662,0.004166586777773896,1.450000000000017,0.010692821061170435,1.1300200000000586,0.008368039719197688
663,0.007795889440113513,2.469999999999999,0.01842664776754074,2.090000000000032,0.015714285714285955
664,0.004597019351968596,2.1399999999999864,0.015867131311633323,1.240000000000009,0.009236499068901371
665,0.003153994699395111,1.8699900000000014,0.01387799227718997,0.8499700000000416,0.00632794771233297
666,0.015013760120634037,5.429989999999975,0.04127857544104947,3.9499700000000075,0.030485217991416437
667,0.001842816555325239,2.140000000000015,0.016432465637717993,0.47998000000001184,0.0036924375957814895
668,0.0012743595941328994,1.3861100000000022,0.010580745616962917,0.33388999999993985,0.0025454753373480208
669,0.009850492901171147,2.8500099999999975,0.02167885070850988,2.5899900000000002,0.01950881436493028
670,0.00011125941168056364,1.6500100000000089,0.012234531280707858,0.03001000000000431,0.00022249406880192995
671,0.0023195788704702784,1.7073100000000068,0.012626505129501581,0.6272900000000163,0.004628421751641823
672,0.0001169885404915787,1.571220000000011,0.011715406921039154,0.03138000000001284,0.00023400445682302963
673,0.0039032332206520343,1.2800000000000011,0.009426320747206781,1.060040000000015,0.007776114453043357
674,0.0078463955442852,3.645009999999985,0.026059517558507907,2.1949900000000184,0.015570617861956576
675,0.0029965423692750355,1.0649799999999914,0.007553451424721112,0.8449800000000209,0.006011097246133944
676,0.006067482500794331,2.559989999999999,0.018061167699267397,1.720010000000002,0.012061780360323973
677,0.005824769029556271,2.5,0.017335828490685216,1.6799800000000005,0.01158207514650121
678,0.0021717008756950056,2.4149100000000203,0.01678039951277368,0.6250699999999938,0.0043528548500797026
679,0.004616711129571685,2.1599899999999934,0.01510905201136859,1.3200100000000248,0.009190990112797833
680,0.0019797160209592025,1.3900000000000148,0.009655795884533178,0.5699800000000437,0.003967286141853162
681,0.0033227239341050985,1.3699999999999761,0.009583435346787284,0.9499999999999886,0.0066676024705220995
682,0.004450095359186237,1.8199999999999932,0.012855831037649172,1.259999999999991,0.008860759493670822
683,0.005763622423663419,1.7900100000000236,0.012658746602268355,1.630010000000027,0.011461186893545403
684,0.005356894392653473,2.5800000000000125,0.017949074718241354,1.5400000000000205,0.010771490522487378
685,0.006616523486206137,2.009990000000016,0.014073095954031412,1.890010000000018,0.013321186918522823
686,0.004816569888746553,1.6620000000000061,0.01175480412196144,1.3620199999999727,0.00958696349778516
687,0.0021130792325299744,1.81998999999999,0.012818635976241796,0.6000300000000038,0.004235107582940992
688,0.006436808760134052,2.7711999999999932,0.01948196203154566,1.831200000000024,0.012791282481140151
689,0.006344421465877035,2.469999999999999,0.017315713835045037,1.8100000000000591,0.012608847091606123
690,0.0034437680453612645,2.710000000000008,0.0188541413017011,0.9899800000000027,0.006911337132690808
691,0.0018601101667202454,2.8400100000000066,0.019566034462072578,0.5399899999999889,0.0037133131618758692
692,0.012272680394650876,3.8100200000000086,0.02619560658668231,3.569999999999993,0.02485034108311286
693,0.0019236949084717808,1.6958899999999915,0.011992041604617967,0.5440899999999829,0.0038400028230643154
694,0.009920000000000073,2.8900199999999927,0.020551253333333283,2.7900000000000205,0.01964512040557682
695,0.006652891689253379,2.030000000000001,0.01429124573198635,1.8900199999999927,0.013217846477526595
696,0.004790081713158484,1.4799999999999898,0.010425471963933432,1.3599999999999568,0.009626274065684857
697,0.007049603390296311,2.224899999999991,0.015964845623767314,1.9649,0.014199306258129788
698,0.0007882273139947632,1.5400100000000236,0.01103475247330027,0.2200099999999452,0.0015752130020759306
699,0.003270064690410034,2.219999999999999,0.01578161654937086,0.9199999999999591,0.006518812442428677
700,0.005538016787990798,1.8899999999999864,0.01316568562571827,1.5900200000000382,0.011137714425449583
701,0.00116292511013208,1.1099800000000073,0.007823647577092563,0.32997999999997774,0.0023231485724546854
702,0.0016460617098029186,1.9099999999999966,0.013378629215844196,0.4700000000000273,0.0032867132867134773
703,0.0004237876770983828,1.5594999999999857,0.010969242861991068,0.12049999999999272,0.0008479346984729626
704,0.001450373730988036,3.0900000000000034,0.022981666728645298,0.3900199999999927,0.0029049607407239694
705,0.005398477716185221,2.2400100000000123,0.01679545561987504,1.439990000000023,0.010738981281229196
706,0.004393939393939489,2.200019999999995,0.016666818181818144,1.160000000000025,0.008749434303816752
707,0.008507189640894365,2.4399999999999977,0.018369344274636736,2.2600199999999973,0.016870855712835472
708,0.005593699137560117,1.865000000000009,0.01395618580809316,1.4950000000000045,0.011125167435630336
709,0.0008569884541122408,1.770009999999985,0.013190818154383086,0.2299899999999866,0.0017154470265198503
710,0.003147798392771258,1.8299800000000062,0.01355390141836097,0.8500000000000227,0.006275841701122436
711,0.0004962234495554093,1.184989999999999,0.008710759580602415,0.1350100000000225,0.0009929396190337758
712,0.005092710118853842,2.1300099999999986,0.01583591629173947,1.369989999999973,0.010237557148590655
713,0.007523837902264532,2.0800000000000125,0.015494636471990557,2.019999999999982,0.01493530499075772
714,0.0037991656734208826,2.0200000000000102,0.015047675804529276,1.0200000000000387,0.007627308756449853
715,0.005229000556276748,1.4699999999999989,0.01090302243649174,1.410000000000025,0.010403600678816682
716,0.005000510822334069,1.5100100000000225,0.011023177317838712,1.369989999999973,0.009951260260041934
717,0.0022069902025034947,1.1299899999999923,0.008176779484669414,0.6099900000000389,0.004423743563710486
718,0.004451199652589155,1.2299999999999898,0.008902399305178516,1.2299999999999613,0.008862948551664227
719,0.004824422413834555,1.5549899999999752,0.011238928545215243,1.3349900000000048,0.00969562059699328
720,0.005296416700149928,1.450000000000017,0.010592833400299647,1.4500000000000455,0.010537024925514464
721,0.004628949301983802,2.1999999999999886,0.016164584864070453,1.259999999999991,0.00930095224034835
722,0.0018404004711425205,1.6399999999999864,0.012073027090694834,0.5,0.00368758758020503
723,0.001725897745198225,1.7350000000000136,0.012879279948037588,0.46500000000003183,0.003457763236169184
724,0.0012702682507658035,1.0,0.007472166180975864,0.339999999999975,0.0025373134328356343
725,0.0013004644250416953,1.0900000000000034,0.008099572728961571,0.35001999999997224,0.002604315669963757
726,0.003399200627544825,1.25,0.009338463262485526,0.910000000000025,0.0067753704117342346
727,0.002964756783102647,0.9199899999999843,0.0068187812474509195,0.8000099999999861,0.005947145405887496
728,0.0030365470934250885,1.7113999999999976,0.012809333733515841,0.8114000000000487,0.006091591591591958
729,0.0019839041736853065,1.1899999999999977,0.008908852704473126,0.5300000000000296,0.003959952181709725
730,0.0016403594408125814,1.059989999999999,0.00790329585085355,0.4400099999999725,0.0032753461366679506
731,0.005881227820187616,1.6499900000000025,0.012206324682584643,1.5899900000000002,0.011693682429947784
732,0.0027313968230988695,1.3799899999999923,0.010187435781316782,0.7399899999999775,0.0054777555703603336
733,0.006646158740349785,2.0900100000000066,0.015520067741429977,1.7900099999999952,0.013381251401659529
734,0.005045785834423344,1.490000000000009,0.011138105027097805,1.349999999999966,0.010040907400520388
735,0.004344894748670405,2.0200000000000102,0.01513221964192082,1.160000000000025,0.008727710480776654
736,0.004222263604543741,1.7510000000000048,0.013309061334934612,1.11099999999999,0.008409022101120118
737,0.006248983586809072,1.7199799999999925,0.012949706369522607,1.6599799999999618,0.012576557877372399
738,0.003950708585509126,1.6136100000000226,0.012184330961408227,1.0464099999999803,0.007932757182927604
739,0.0005626617652574263,1.1899999999999977,0.008927566675419166,0.14999999999997726,0.0011259570635038078
740,3.729699597904093e-05,1.3300100000000157,0.009931006530931853,0.009990000000016153,7.459677419366901e-05
741,0.0021609538002980034,1.2800000000000011,0.00953800298062594,0.5799999999999841,0.0043312672690611915
742,0.0024610710142841,0.8399900000000002,0.006264374907315048,0.6600099999999998,0.004934285655972311
743,0.004899814496042581,2.0004000000000133,0.014855168787808225,1.3196199999999862,0.009751846752006493
744,0.004044265668964604,1.4900100000000123,0.01105717825153726,1.0899699999999939,0.008121376341451682
745,0.003861901081994001,1.5999899999999911,0.01188258403703729,1.0400099999999952,0.007753746365466304
746,0.0010814469110032436,1.2299899999999866,0.009173894865787896,0.28998999999998887,0.0021605572939948506
747,0.0012276035544587463,0.8495899999999779,0.006313124323310358,0.33041000000002896,0.0024582248344619372
748,0.0007622854521955072,0.5350099999999998,0.003979026682073268,0.20499000000000933,0.0015234096313912703
749,0.0007001510852341738,1.4699999999999989,0.01083391679257102,0.18999999999999773,0.0014012832804778945
750,0.00018436290556374268,1.1499900000000025,0.008482316374048197,0.04998999999997977,0.0003687938030245649
751,0.000999148873182247,1.009999999999991,0.007475113791954933,0.27000000000003865,0.0020002963401988343
752,0.0005018975535559745,0.6555099999999925,0.004856430221144919,0.13549000000000433,0.0010042991624045982
753,0.0002956174709924768,0.8799999999999955,0.00650358436183575,0.07999999999998408,0.0005914097730463819
754,0.00814040328603438,2.8000000000000114,0.020911127707244296,2.180000000000007,0.016414426624501217
755,0.0058531819695774815,1.720010000000002,0.012907174429955532,1.5599899999999707,0.011638243183992857
